Word;phrases/collocations/patterns;Definition;Level
about;Partly/Mainly/All about;Focusing partially/primarily/entirely on a subject;B2
about;Do smth about;Take action to address something;B1
about;About time;Long overdue;B1
about;About to do;On the verge of doing something;B1
access;Internet access;Ability to connect to the internet;A2
account;Account for;Explain or justify;B2
account;Give an account of;Describe or narrate;B2
account;Take into account;Consider something;B1
account;On account of;Because of;B1
account;By all accounts;According to everyone;C1
act;Act in good/bad faith;Act honestly/dishonestly;C1
act;Act out of desperation;Act due to extreme hopelessness;C1
act;Act the part/role of;Pretend to be someone;B2
act;Act on sb's advice/orders;Follow someone's guidance;B2
act;Put on an act;Pretend or fake behavior;C1
act;Get your act together;Organize yourself;B2
act;In the act (of doing);While doing something;C1
act;Act your age;Behave maturely;B1
age;At/By/From the age of;Starting at a specific age;A2
age;Under age;Below legal age;B1
age;School/Working/Driving age;Age for specific activities;A2
age;With age;As time passes;B2
age;Age limit;Maximum or minimum age allowed;B2
age;Age bracket/group;A specific age range;B2
age;In the Stone/Bronze/Iron Age;Historical periods;B2
age;Take/Spend ages (doing);Take a very long time;B1
age;Ages ago;A very long time ago;B1
age;Seems/Feels like ages (since);Feels like a long time;B1
answer;Answer to sb;Be responsible to someone;C1
answer;Give sb an answer;Provide a response;A2
answer;Answer charges/criticism;Respond to accusations or criticism;C1
answer;Answer a need;Fulfill a requirement;C1
answer;Answer sb's prayers;Provide what someone hoped for;C1
answer;Answer the description of;Match a description;C1
answer;Have a lot to answer for;Be responsible for many problems;C1
answer;In answer to;As a response to;B2
argument;Have/Get into an argument;Start a disagreement;B1
argument;Win/Lose an argument;Succeed/Fail in a debate;B2
argument;Argument about/over;Disagreement on a topic;B1
argument;Argument for/against;Reasons supporting/opposing something;B2
argument;Without (on) argument;Without disagreement;C1
arm;Arm sb with;Provide someone with tools or knowledge;C1
arm;Arm yourself against;Prepare to defend against something;C1
arm;Take up arms (against);Prepare to fight;C1
arm;Lay down (your) arms;Stop fighting;C1
arm;Up in arms (about);Angry or protesting;C1
arm;Arms control;Regulation of weapons;C1
arm;Arms race;Competition to build more weapons;C1
art;Have/Get sth down to a fine art;Master something completely;C1
art;Art of doing;Skill in doing something;B2
art;Art to doing;Skill required for something;C1
art;Art deco;A style of design;B2
art;Art form;A creative medium;B2
art;Art gallery;Space displaying artworks;A2
art;Art house;A cinema showing independent films;B2
ask;Ask yourself sth;Reflect on something;B2
ask;Ask sb a favour;Request help from someone;A2
ask;Ask a lot/too much (of sb);Demand a lot;B2
ask;Ask sb over/around;Invite someone to your home;B1
ask;Ask sb in;Invite someone inside;B1
ask;For the asking;Available if requested;C1
ask;Asking for trouble;Behaving in a risky way;C1
ask;If you ask me;In my opinion;B1
associate;Associate sth with;Connect something in your mind;B2
authority;Have the authority to do;Have the power to do something;B2
authority;Grant sb the authority to do;Give someone the power to do something;C1
authority;Have authority over;Have control over someone or something;B2
authority;Have sth on good authority;Know something from a reliable source;C1
authority;In authority;In a position of power;B2
authority;With authority;Confidently or officially;B2
authority;The authorities;People in power (e.g., government, police);B2
authority;Local authority;Local government body;B2
back;Back into sth;Reverse into something;B1
back;Back onto sth;Have a view or access to something;B2
back;Back sb (to do);Support someone;B2
bad;Go bad;Spoil or rot;A2
bad;Go from bad to worse;Deteriorate further;B2
bad;Feel bad (about);Feel guilty or sorry;A2
bad;Bad for;Harmful to;A2
bad;Bad at (doing);Not skilled at something;A2
bad;In a bad way;In poor condition;B2
bad;In bad faith;With dishonest intent;C1
bad;Bad apple;A troublesome person;C1
bad;Bad blood;Hostility or resentment;C1
balance;Hang in the balance;Be uncertain;C1
balance;Strike a balance;Find a compromise;C1
balance;Upset/Alter/Reduce the balance;Disrupt equilibrium;C1
balance;Balance between/of;Equilibrium of opposing elements;B2
balance;On balance;Considering everything;B2
balance;Off balance;Unsteady or unprepared;C1
basis;Basis for;Foundation or reason;B2
basis;On a daily/temporary/etc basis;Regularly or temporarily;B1
basis;On the basis of;Based on;B2
behaviour;Behaviour towards;How someone acts toward others;B2
behaviour;Pattern of behaviour;Repeated actions;B2
behaviour;On your best behaviour;Behaving very well;B2
behaviour;Aggressive/Antisocial/Violent/Bad/Good/Exemplary behaviour;Types of behavior;B2
belief;Express beliefs;Share one's opinions;B2
belief;Belief in;Faith or trust in something;B1
belief;Contrary to popular belief;Opposite of what most people think;B2
belief;Beyond belief;Unbelievable;C1
belief;In the belief that;Believing that;B2
belief;Popular/Widely held/Widespread/Firm/Strong/Growing belief;Common or strong beliefs;B2
bend;Bend sth into (shape/a circle/etc);Shape something by bending it;B2
bend;Go round the bend;Become crazy or frustrated;C1
bend;Sharp/Light bend;A curve in a road or path;B2
best;Make the best of;Do as well as possible in a situation;B2
best;Do your best;Try as hard as possible;A2
best;All for the best;Ultimately good, even if it seems bad;C1
best;At best;In the most positive interpretation;B2
best;At your best;Performing as well as possible;B2
best;To the best of my knowledge;As far as I know;B2
best;To the best of sb's ability;As well as someone can;B2
best;The best of both worlds;Benefits of two different things;C1
best;Best friend;Closest friend;A2
bet;Bet (sth) on;Wager something;B1
bet;Make a bet (with sb);Agree to a wager;B1
bet;Safe bet;A reliable choice;B2
better;Get better;Improve;A2
better;Get the better of;Overcome or defeat;C1
better;Had better;Should;A2
better;All the better for;Improved because of;C1
better;Better than nothing;Something is better than nothing;B1
better;Better luck next time;Hope for improvement in the future;B1
better;Better off;In a better situation;B2
better;Better yet;Even better;B2
better;For better or (for) worse;Whether good or bad;B2
better;Better half;Spouse or partner;C1
big;Make a big thing out of;Exaggerate the importance of something;C1
big;Make it big;Become successful;C1
big;Big on;Enthusiastic about;C1
big;Big of sb (to do);Generous or kind;C1
big;Great big;Very large;B1
big;Big business;Large corporations;B2
big;Big-headed;Arrogant;C1
big;Big-hearted;Kind and generous;C1
big;Big Bang;Theory of the universe's origin;B2
big;Big name;Famous person or brand;B2
big;Big money;A lot of money;B2
big;Big game;Important sports event;B2
block;Block sb's way;Prevent someone from passing;B2
block;Block of flats;Apartment building;A2
block;Apartment block;Building with multiple apartments;A2
block;High-rise block;Tall building;A2
block;Normal/Writer's block;Inability to think creatively;C1
book;Read sb like a book;Understand someone easily;C1
book;Do sth by the book;Follow rules strictly;C1
book;Book about/on;A book on a specific topic;A2
book;A closed book;Something unknown or mysterious;C1
book;An open book;Something easy to understand;C1
book;In my book;In my opinion;B2
book;In sb's good/bad books;In someone's favor/disfavor;C1
born;Born to do;Naturally suited for something;B2
born;Born on/in;Date or place of birth;A2
born;Born of;Resulting from;C1
born;Born into;Born in a specific family or situation;B2
born;Born and bred;Born and raised in a place;B2
born;Born-again;Having a renewed faith or interest;C1
born;Newborn;Recently born;A2
bottom;Come bottom;Rank last;B2
bottom;Get to the bottom of;Discover the truth;C1
bottom;The bottom drops/falls out of;A situation worsens dramatically;C1
bottom;At the bottom (of);At the lowest point;A2
bottom;From the bottom of my heart;Sincerely;B2
bottom;Bottom line;The essential point;B2
brain;Pick sb's brain(s);Ask for advice/ideas;C1
brain;Rack your brain(s);Think very hard;C1
brain;The brains behind;The person who plans or organizes;C1
brain;Brainless;Stupid;C1
brain;Brainchild (of);Someone's original idea;C1
brain;Brainstorm;Generate creative ideas;B2
brain;Brainwash;Manipulate someone's beliefs;C1
brain;Brainwave;Sudden good idea;C1
break;Break a habit;Stop a habitual behavior;B2
break;Break with tradition;Do something differently;B2
break;Make the break (from);Leave a situation;C1
break;Take/Have/Once a break;Rest for a short time;A2
break;A welcome break from;A pleasant change;B2
break;Lunch/Tea/Coffee break;A short rest for a meal or drink;A2
brick;Bricks and mortar;Physical buildings;C1
brick;Brick wall;A barrier or obstacle;B2
brick;Bricklayer;A person who builds with bricks;A2
certain;Know/Say for certain;Be sure;B2
certain;Certain to do;Sure to happen;B2
certain;Make certain;Ensure something is true;B2
certain;Certain of/about;Confident about;B2
certain;A certain (amount of sth);A specific but unspecified quantity;B2
chance;Take a chance (on);Risk doing something;B2
chance;Leave to chance;Not plan or control;C1
chance;By chance;Accidentally;B1
chance;By any chance;Possibly;B2
chance;The/Sb's chances of (doing);Likelihood of success;B2
chance;The chance to do;Opportunity to do something;A2
chance;Second chance;Another opportunity;B1
chance;Last chance;Final opportunity;B1
chance;Pure/Sheer chance;Complete luck;B2
chance;There's even/no chance that;It's possible/impossible that;B2
change;Change from sth to;Transition from one thing to another;B2
change;Change sth into;Transform something;B1
change;Change sth for;Exchange or replace;B1
change;Change for the better/worse;Improve/deteriorate;B2
change;Change your mind;Alter your decision;A2
change;Change the subject;Start talking about something else;B1
change;Make a change;Alter something;A2
change;Undergo a change;Experience a transformation;B2
charge;Charge sb with;Accuse someone of a crime;B1
charge;Charge sb for;Ask for payment;A2
charge;Take charge;Assume control;B2
charge;Put in charge (of);Assign responsibility;B2
charge;Overall charge;Total responsibility or cost;B2
child;As a child;During childhood;A2
child;Only child;A child with no siblings;A2
child;A child of;Product of a specific time or place;B2
child;Child abuse;Mistreatment of children;B2
child;Childcare;Care for children;A2
child;Child's play;Something very easy;C1
child;Child support;Financial support for a child;B2
choice;Make a choice;Decide;A2
choice;Exercise choice;Use the ability to choose;B2
choice;Have no choice;Be forced to do something;B1
choice;Choice between;Option to select one of two;B1
choice;Choice of;Selection from multiple options;A2
choice;Personal/Parents/Consumer choice;Individual or group decision;B2
choice;Informed choice;Decision based on knowledge;B2
choice;Wide choice;Many options;B2
choice;Obvious choice;Clear decision;B2
choose;Choose from;Select from a range;A2
choose;Choose between;Decide between two options;A2
choose;Choose sb/sth as;Select someone/something for a role;A2
choose;Choose sb/sth out of;Pick from a group;B2
choose;Choose to do;Decide to do something;A2
choose;Pick and choose;Select carefully;C1
choose;Nothing/Time to choose between;No options or limited time to decide;C1
class;Class sb/sth as;Categorize;B2
class;Social class;Economic or social group;A2
class;Working/Middle/Upper class;Economic divisions;A2
class;Ruling class;Dominant social group;B2
class;Class system;Social hierarchy;B2
class;Class differences;Disparities between social groups;B2
class;Class war;Conflict between social classes;C1
clean;Give sth a (good) clean;Clean thoroughly;A2
clean;Make a clean break;Start fresh;C1
clean;Make a clean breast of;Confess fully;C1
clean;Clean and tidy;Neat and organized;A2
clean;A clean bill of health;Declaration of good health;C1
clean;A clean slate/sheet;Fresh start;C1
clean;Clean sweep;Complete victory or change;C1
clear;Make/Get sth clear;Clarify;B1
clear;Make yourself clear;Communicate effectively;B2
clear;Have a clear idea;Understand fully;B2
clear;Keep sth clear;Maintain clarity;B2
clear;Clear as a bell;Very clear;C1
clear;Clear as mud;Very unclear;C1
clear;Clear case (of);Obvious example;B2
clear;Clear evidence/indication;Obvious proof or sign;B2
clock;Set a clock;Adjust a clock;A2
clock;Watch the clock;Monitor time closely;C1
clock;Against the clock;Rushing to finish;B2
clock;Around the clock;Continuously;B2
clock;Clockwise;In the direction of clock hands;A2
clock;Clockwork;Smooth and precise;C1
come;Come to a conclusion/decision/etc;Reach a decision or end;B1
come;Come to power;Assume control;B2
come;Come into view;Become visible;B2
come;Come as a shock/etc;Be surprising;B2
come;Come to do sth;Eventually do something;B2
come;Come true;Become reality;B2
common;Have sth in common (with sb);Share similarities;A2
common;Common for sb/sth to do;Typical behavior;B1
common;Common to;Shared by;B2
common;Common language;Shared way of speaking;A2
common;The common people;Ordinary citizens;B2
common;Common practice;Standard procedure;B2
conclusion;Bring sth to a conclusion;End something;B2
conclusion;Come to / Arrive at / Reach a conclusion;Decide or end something;B1
conclusion;Jump/Leap to conclusions;Decide too quickly;C1
conclusion;In conclusion;Finally;B1
conclusion;Conclusion of;End of something;B2
conclusion;Logical conclusion;Reasonable outcome;C1
conclusion;Foregone conclusion;Predictable result;C1
consequence;Accept/Face the consequences;Deal with the results;B2
consequence;Consequence of;Result of something;B1
consequence;Serious/Disastrous/Dire consequences;Severe outcomes;B2
consequence;As a consequence;As a result;B1
consequence;In consequence;Therefore;C1
consequence;Of no/little consequence;Unimportant;B2
consideration;Take into consideration;Consider;B1
consideration;Give consideration to;Think about;B2
consideration;Show consideration for;Be thoughtful;B2
consideration;Under consideration;Being discussed;B2
consideration;For sb's consideration;For someone to think about;B2
consideration;Out of consideration for;Because of concern for;C1
course;Run its course;Complete naturally;C1
course;In/During the course of;During;B1
course;In due course;Eventually;B2
course;On a course;Enrolled in a program of study;A2
course;Course of action/events;Plan or sequence of events;A2
crime;Commit/Report/Witness/Solve a crime;Perform actions related to a crime;B1
crime;Fight/Combat crime;Take action against crime;B2
crime;The scene of a crime;Location where a crime occurred;B1
crime;Organised crime;Criminal activities by structured groups;B2
crime;Crime prevention;Measures to stop crime;B2
crime;Crime rate;Frequency of crimes;B2
crime;Crime wave;Sudden increase in crime;B2
cry;Cry with pain/happiness/relief;Express strong emotions through tears;A2
cry;Cry over/about;Express sadness about something;A2
cry;Cry for help;Ask for assistance;A2
cry;Cry yourself to sleep;Cry until you fall asleep;C1
cry;Cry your eyes/heart out;Cry intensely;C1
cry;Cry on sb's shoulder;Seek comfort from someone;C1
cry;Have a good cry;Cry to release emotions;B1
cry;Cry of;Shout expressing emotion;A2
cry;A far cry from;Very different from;C1
date;Date from;Originate from a specific time;B1
date;Date back to;Have existed since;B1
date;Keep (sth) up to date;Maintain current information;B1
date;Set/Fix a date;Choose a specific day;B1
date;Make a date (with sb);Arrange to meet someone;A2
date;At a later/future date;At some point in the future;B2
date;To date;Up to now;B2
day;Make sb's day;Make someone very happy;B1
day;Day by day;Gradually over time;A2
day;From day to day;Daily or regularly;A2
day;Any day now;Very soon;B1
day;In this day and age;In modern times;B2
day;Day off;A day free from work;A2
day;Day out;A trip or outing;A2
day;Day trip;A short journey for the day;A2
dead;Go dead;Stop working or responding;C1
dead;Drop dead;Die suddenly;C1
dead;Dead (set against (doing));Strongly opposed to;C1
dead;In deep trouble;In serious difficulty;B2
dead;Dead and buried;Completely finished;C1
dead;Dead silence;Complete silence;B2
dead;Dead centre;Exact middle;B2
dead;Dead and gone;No longer alive;C1
dead;Dead tired;Extremely tired;B1
dead;Dead ahead;Directly in front;B2
deal;Deal in;Trade or sell;B2
deal;Deal with;Handle or manage;A2
deal;Deal a blow to;Harm or damage;C1
deal;Make a big deal (out) of;Exaggerate the importance of;C1
deal;Cut/Make/Reach/Strike a deal (with);Negotiate an agreement;B2
deal;Get/Have a good deal (on);Obtain a favorable price;B1
deal;Big deal;Something important or impressive;B1
deal;A good/great deal of;A large amount;B1
decide;Decide to do;Make a decision to act;A2
decide;Decide against / In favour of;Choose not to do / Choose to support;B2
decide;Decide that;Conclude something;A2
decide;Decide between;Choose one of two options;A2
decide;Decide for yourself;Make your own choice;B1
decide;Decide on;Choose something;A2
delight;Delight in doing;Enjoy doing something;B2
delight;Take great delight in doing;Enjoy something very much;C1
delight;To sb's delight;Making someone very happy;B2
delight;With delight;Happily;B2
demand;Demand sth from sb;Ask for something firmly;B2
demand;Meet/Satisfy a demand;Fulfill a request;B2
demand;Make a demand;Insist on something;B2
demand;The demand for;Need or desire for something;B1
demand;In demand;Wanted by many;B2
demand;On demand;Available when requested;B2
deny;Deny sb sth;Refuse to give something;B2
deny;Deny a request;Refuse a request;B2
deny;Deny that;Refuse to admit something;A2
deny;Deny doing;Refuse to admit an action;B1
deny;Deny having done;Refuse to admit a past action;B2
deny;Deny (all) responsibility for;Refuse to accept blame;B2
depth;In depth;Thoroughly;B2
depth;To/At a depth of;At a specific level below the surface;A2
depth;Hidden depths;Unknown qualities;C1
depth;The depths of;The lowest or most extreme part;C1
depth;Out of your depth;In a situation beyond your ability;C1
dint;By dint of;Through hard work or effort;C1
dirty;Do the dirty on;Betray someone;C1
dirty;Do sb's dirty work;Do unpleasant tasks for someone;C1
dirty;Get your hands dirty;Become involved in hard or unpleasant work;C1
dirty;Give sb a dirty look;Look at someone angrily;C1
dirty;Dirty word;Something considered taboo or offensive;C1
dirty;Dirty tricks;Unethical actions;C1
discussion;Have a discussion about/on;Talk about a topic;A2
discussion;Have a discussion with;Talk with someone;A2
discussion;Discussion of;Conversation about;A2
discussion;In discussion with;Talking with someone;B2
discussion;Under discussion;Being discussed;B2
discussion;Heated discussion;Intense argument;B2
discussion;Discussion group;A group that talks about a topic;B1
disposal;Waste disposal;Getting rid of waste;B2
disposal;At sb's disposal;Available for someone to use;B2
disposal;At the disposal of;Available for use by;C1
doubt;Doubt that;Feel uncertain about;A2
doubt;Have your doubts about;Be skeptical about;B2
doubt;Cast doubt on;Make something seem uncertain;C1
doubt;Raise doubts;Cause uncertainty;C1
doubt;In doubt;Uncertain;B2
doubt;Doubt as to / about;Uncertainty regarding;B2
doubt;Beyond (any) doubt;Completely certain;B2
doubt;A reasonable doubt;A doubt that is justifiable;B2
doubt;Without a doubt;Certainly;B1
doubt;Open to doubt;Uncertain;C1
dream;Dream of/about/that;Imagine or hope for;A2
dream;Have a dream;Possess a hope or aspiration;A2
dream;A dream to;Something desirable;C1
dream;Beyond your wildest dreams;More than you could imagine;C1
dream;A dream come true;Something hoped for that happens;B1
dream;In your dreams;Something unlikely to happen;C1
dream;Like a dream;Perfectly or effortlessly;C1
drive;Drive (your point) home;Emphasize something strongly;C1
drive;Drive sb crazy/mad;Make someone very annoyed;B1
drive;Drive sb to do sth;Force someone to act;B2
drive;Drive at sth;Intend to say;C1
drop;Drop sth off sth;Let something fall;A2
drop;Drop sth into/onto sth;Place something into/onto something;A2
drop;Drop sb at;Take someone to a place;A2
drop;Drop a hint;Suggest indirectly;B2
drop;Drop sb from a team;Remove someone from a team;B2
eager;Eager to do;Excited or keen to do something;B1
eager;Eager for;Excited about something;B1
eager;Only too eager to do;Very willing to do something;C1
effect;Have an/no/little effect (on);Influence or impact (or lack thereof);A2
effect;Come into effect;Become active or valid;B2
effect;Put/Bring sth into effect;Implement something;B2
effect;Adverse/Beneficial effect;Negative/Positive impact;B2
effect;For effect;To create an impression;B2
effect;In effect;In operation or reality;B2
effect;With effect from;Starting from a specific date;B2
end;Come to an end;Finish;B1
end;Bring sth to an end;Conclude something;B1
end;Put an end to;Stop something;B1
end;At/By the (very) end (of);At the conclusion;A2
end;No end in sight (to);No conclusion or resolution;C1
end;At an end;Finished;C1
end;For hours/weeks/etc on end;Continuously for a long time;B2
end;In the end;Finally;A2
energy;Have/Lack the energy to do;Possess or lack motivation;A2
energy;Put/Throw your energy into;Focus effort on something;B2
energy;Nuclear energy;Energy from nuclear reactions;B2
energy;Source of energy;Origin of power;B2
energy;Energy needs;Requirements for power;B2
equal;Of equal size/quality/value;Having the same characteristics;B2
equal;Equal in size/quality/value;Similar in characteristics;B2
equal;Equal to;As good as;B2
equal;Roughly equal (to);Approximately the same;B2
equal;Equal rights;The same legal or social rights;B2
erect;Erect a statue/monument/etc to sb;Build in honor of someone;B2
erect;Stand erect;Stand straight;C1
ever;Hardly ever;Almost never;A2
ever;If ever;If it happens at all;C1
ever;If ever/only/etc sth ever (to);Emphasize rarity;B2
ever;Bigger/Better/etc than ever;More than before;B1
ever;As ever;As always;B2
ever;Ever since;From that time until now;A2
ever;Forever/For ever;For all time;A2
example;Make an example of;Punish someone as a warning;C1
example;Set an example;Be a model for others;B2
example;Follow an example;Imitate someone's behavior;A2
example;Give an example;Provide an illustration;A2
example;An example of;A case of something;A2
example;Classic/Prime example;A perfect illustration;B2
fall;Fall in;Collapse or join;B2
fall;Fall into (a category);Belong to a group;B2
fall;Fall in love;Begin to love someone;A2
fall;Fall into place;Become clear or organized;B2
fall;Fall short;Fail to meet expectations;B2
fall;Fall to pieces;Break down emotionally or physically;C1
family;Have/Start a family;Begin raising children;A2
family;Nuclear family;Parents and children;A2
family;Extended family;Relatives beyond parents and children;B1
family;Single parent family;A family with one parent;A2
family;A family of;A group of similar things;A2
family;In the family;Among relatives;A2
family;One of the family;Treated like a relative;A2
family;Family tree;A diagram of family relationships;A2
family;Family name;Surname;A2
fat;Get/Grow fat (on);Gain weight;B1
fat;Fat chance;Very unlikely;C1
fat;A fat lot of good/help/etc;No use at all;C1
feature;Feature sb/sth in;Include someone/something;B2
feature;A feature of;A characteristic of;A2
feature;Distinguishing feature;A unique characteristic;B2
feature;Safety features;Protective elements;B2
feature;Feature film;A full-length movie;B2
feature;Feature writer;A journalist who writes in-depth articles;B2
feel;Get/Have a feel for;Understand or become familiar with;C1
feel;Feel free;Do not hesitate;A2
feel;Feel like (doing);Want to do something;A2
feel;Feel as if/as though;Have the impression that;A2
feel;Feel strongly about;Have strong opinions about;B2
feel;Feel the effects/benefits of;Experience consequences or advantages;B2
feel;Feel guilty;Experience guilt;A2
feel;Feel your way;Proceed cautiously;C1
feel;Feel at home;Be comfortable;A2
find;Find yourself (doing);Realize you are doing something;B2
find;Find sb doing;Discover someone in the act;A2
find;Find sth difficult/interesting/etc;Consider something challenging or engaging;A2
find;Find your way;Navigate or locate a path;B1
fine;Cut it fine;Do something with little time to spare;C1
fine;Fine by sb;Acceptable to someone;B1
fine;Fine details/points;Small or precise elements;B2
fine;Fine line between;A very small difference;C1
fine;With a fine-tooth(ed) comb;Very thoroughly;B2
fine;Fine print;Small text with important details;B2
floor;Take/Have the floor;Begin speaking in a meeting;C1
floor;Ground/First/etc floor;Levels of a building;A1
floor;Floor show;A performance in a club;C1
floor;Floor plan;A diagram of a building's layout;B2
floor;Floorboard;Boards that make up a floor;A2
fly;Fly a flag/kite;Display a flag or fly a kite;C1
fly;Fly by;Pass quickly;B1
fly;Fly open;Open suddenly;C1
fly;Fly at;Attack suddenly;C1
focus;Focus on;Concentrate on;A2
focus;The focus of/for;The main point or purpose;B2
focus;In focus;Clear and sharp;B2
focus;Out of focus;Blurry or unclear;B2
focus;Focus group;A group discussing a topic;B2
focus;Main/Primary/Major focus;The most important point;B2
fold;Fold sth in half/two;Bend something to divide it;A2
fold;Fold sth neatly/carefully;Bend something with precision;A2
fold;Fold flat;Bend something to lie flat;B2
fold;Fold your arms;Cross your arms;A2
follow;Follow sb's argument/etc;Understand someone's reasoning;B2
follow;Follow suit;Do the same as others;C1
follow;Follow sb's lead;Do as someone else does;B2
follow;Follow sb's advice;Act on someone's guidance;A2
follow;As follows;What comes next;B2
force;Force sb to do;Compel someone to act;A2
force;Force sth on sb;Impose something on someone;B2
force;Force your way into/through;Push through with effort;B2
force;Force a smile;Smile insincerely;C1
force;With force;Using strength;B2
force;Police force;The body of police officers;B2
force;Armed forces;Military organizations;B2
form;Form an impression of;Develop an opinion about;B2
form;Take/Assume the form of;Appear as;C1
form;Fill in/out a form;Complete a document;A2
form;In the form of;As a type of;B2
form;In good/bad form;Performing well/poorly;B2
form;Application form;A document for applying;A2
foundation;Lay the foundations of;Establish the basis for;B2
foundation;Have no foundation;Be baseless;C1
foundation;Without foundation;Without basis;C1
foundation;Foundation course;A basic educational course;B2
foundation;Foundation stone;A symbolic first stone;B2
free;Set sb free;Release someone;A2
free;Let sb go free;Allow someone to leave;A2
free;Free sb from;Release someone from something;B2
free;Walk free;Be released without punishment;C1
free;Free to do;Allowed to do something;A2
free;Free from;Without something unwanted;A2
free;Free and easy;Relaxed and informal;C1
free;Free time;Leisure time;A1
fresh;Fresh from;Recently arrived from;B2
fresh;Fresh out of;Just finished or used up;C1
fresh;Fresh-faced;Young and healthy-looking;B2
fresh;Freshwater;Water from rivers or lakes;A2
friend;Make friends (with);Become friends;A2
friend;Close/Good/Great friend;A very good friend;A2
friend;Old friend;A friend from long ago;A2
friend;Friend of the family;A trusted family acquaintance;A2
friend;Family friend;A close friend of the family;A2
friend;Circle of friends;A group of friends;B2
friend;Friends who;Friends that;A2
generation;The older/younger generation;People of a specific age group;B2
generation;Generation gap;Differences between generations;B2
generation;Generation X;People born in the 1960s-1980s;B2
generation;Future generations;People in the future;B2
get;Get going;Start moving or acting;B1
get;Get somewhere;Make progress;B2
get;Get ill/angry/worried/etc;Become sick/angry/worried/etc;A2
get;Get your way;Achieve what you want;C1
get;Get to do sth;Have the opportunity to do something;A2
get;Get sb sth;Obtain something for someone;A1
get;Get sth done;Complete something;A2
get;Get sth doing;Start something;C1
go;Go and do sth;Go somewhere to do something;A1
go;Go deaf/grey/crazy/bad/etc;Become deaf/grey/crazy/bad/etc;A2
go;Go for;Choose or aim for;A2
good;Good for sb to do;Beneficial for someone;A2
good;A good deal;A large amount;B1
good;A good many/few;A large number;B1
good;For sb's own good;For someone's benefit;B2
good;No good;Useless;A2
good;It's no good doing;It's useless to do something;B1
grant;Grant sth to;Give something officially;B2
grant;Grant sb permission/authority;Allow someone to do something;B2
grant;Grant a request;Approve a request;B2
grant;Grant sb's wish;Fulfill someone's desire;B2
green;Green politics;Environmental political movement;B2
green;Green belt;Protected area of land;B2
green;Give sb the green light;Approve or allow;B2
green;Greenhouse;A glass building for plants;A2
green;The greenhouse effect;Warming of the Earth's surface;B2
guess;Guess at;Make an estimate;B1
guess;Guess that;Suppose or assume;A2
guess;Guess right;Make a correct guess;B1
guess;Take/Make/Hazard a guess (at);Attempt to guess;B1
guess;Rough guess;An approximate estimate;B2
guess;Lucky guess;A correct guess by chance;B2
guess;Wild guess;A random guess;B2
guess;Educated guess;A guess based on knowledge;B2
guess;At a guess;Approximately;B2
happen;Happen to do;Do something by chance;B1
happen;It so happens that;Coincidentally;B2
happen;As it happens;Coincidentally;B2
head;Head towards/for (a place);Move in the direction of;A2
head;Head a ball;Hit a ball with your head;A2
head;Head a committee/etc;Lead a group;B2
head;Head a list;Be at the top of a list;B2
health;Good/Bad for your health;Beneficial/Harmful to health;A2
health;In good/poor health;Healthy/Unhealthy;A2
health;Ill health;Poor health;A2
health;Health and safety;Regulations to protect well-being;B2
health;Health hazard/risk;A danger to health;B2
health;Health centre;A place for medical care;B1
health;Health club;A gym or fitness center;B1
health;Health food;Food considered healthy;A2
health;Health service;Public medical care system;B1
high;Search high and low;Look everywhere;B2
high;High risk of;A strong chance of something negative;B2
high;High priority;Something very important;B2
high;In high spirits;Very happy;B2
high;High finance;Large-scale financial activities;C1
high;High time;The right time to do something;C1
high;On a high;Feeling very happy or excited;C1
high;A new/all-time/record high;The highest level ever;B2
high;High tech;Advanced technology;B2
high;High street;The main shopping street;A2
hours;Keep regular/late hours;Have a consistent/irregular schedule;B2
hours;Work long hours;Work for extended periods;B1
hours;For hours (on end);Continuously for a long time;B1
hours;During school/working/etc hours;At specific times;B1
hours;At/Until all hours;Very late or at any time;C1
hours;After hours;Outside normal working hours;B2
hours;Out of hours;Outside normal business hours;B2
house;Move house;Change residence;A2
house;On the house;Provided free by the establishment;B2
house;Housework;Domestic chores;A2
house;Housekeeping;Management of household tasks;B1
house;Housekeeper;A person who manages a household;B1
house;Housewife;A woman who manages a household;B1
house;Houseproud;Taking pride in one's home;C1
human;Human behaviour;Actions of people;B2
human;Human being;A person;A1
human;Human error;Mistakes made by people;B2
human;Human nature;The natural behavior of people;B2
human;Human race;Humanity;B2
human;Human rights;Basic rights for all people;B2
ill;Fall ill / Be taken ill (with);Become sick;B1
ill;Critically/Seriously/Terminally ill;Very sick or near death;B2
impression;Have/Give the (false) impression that;Make someone think something (incorrectly);B2
impression;Do an impression (of);Mimic someone;B2
impression;Create/Make an impression (on sb);Influence someone's opinion;B2
impression;Form an impression;Develop an opinion;B2
impression;First impressions;Initial opinions;B2
impulse;On impulse;Without planning;B2
impulse;Control/Resist an impulse;Avoid acting spontaneously;C1
impact;Have an impact on;Influence something;B2
impact;Make an impact on;Create a strong effect;B2
job;Get/Find/Take/Do a job;Obtain or perform work;A2
job;A good job;Well done;A2
job;Leave/Lose your job;Quit or be fired;A2
job;Make/Do a good/bad job of;Perform well/poorly;B1
job;Make the best of a bad job;Improve a poor situation;C1
job;Have a job to do / doing;Have a task to complete;A2
job;Sb's job to do;Someone's responsibility;A2
job;Out of a job;Unemployed;B1
job;On the job;While working;B1
job;Job losses;Reductions in employment;B2
jump;Jump at the chance (to do);Accept eagerly;B2
jump;Jump the queue;Skip ahead in line;B2
jump;Jump to conclusions;Decide too quickly;B2
jump;Jump the gun;Act too soon;C1
keen;Keen (for sb) to do;Eager for someone to act;B2
keen;Keen on;Interested in;B1
keen;Keen interest in;Strong interest in;B2
kind;Kind of sb to do;Generous of someone;A2
kind;Respond in kind;Reply similarly;C1
kind;Kind(s) of;Types of;A2
kind;Of some/any kind;Of any type;A2
kind;Of a/the kind;Of a specific type;B2
kind;Kind regards;A polite closing;A2
know;Know sth about;Be aware of something;A2
know;Know sb/sth to be/do;Be certain about someone/something;B2
know;Know better;Be wise enough to avoid mistakes;B2
know;Get/Come to know;Become familiar with;B2
know;Let sb know;Inform someone;A1
know;In the know;Having inside information;C1
know;Know-how;Practical knowledge;B2
large;As large as life;Very noticeable;C1
large;At large;Free or in general;B2
large;In large measure/part;Mostly;B2
large;Larger than life;Very impressive or exaggerated;C1
large;Large-scale;Involving many people or things;B2
laugh;Laugh at/about;Find something funny;A2
laugh;Laugh in sb's face;Mock someone openly;C1
laugh;Make sb laugh;Cause someone to laugh;A2
laugh;Have a good laugh;Enjoy a humorous situation;B1
laugh;Have the last laugh;Ultimately succeed or win;C1
laugh;Don't make me laugh;Express disbelief or sarcasm;B2
laugh;For a laugh;For fun;B2
laugh;A laugh a minute;Very funny;C1
law;Break the law;Do something illegal;B1
law;Follow the law;Obey the law;B1
law;Uphold the law;Maintain or support the law;B2
law;Pass a law;Approve a law;B2
law;Intend a law;Plan or propose a law;C1
law;Repeal a law;Cancel a law;B2
law;Lay down the law;Establish rules strictly;C1
law;Practise law;Work as a lawyer;B2
law;Against the law;Illegal;B1
law;Above the law;Not subject to the law;C1
law;By law;According to the law;B2
law;Law and order;Maintenance of public order;B2
lead;Lead someone into something;Guide someone into a situation;A2
lead;Lead the way;Be the first or guide;B2
lead;Lead the world;Be the best globally;B2
lead;Lead someone to do something;Influence someone to act;B2
lead;Lead to;Result in;A2
lead;Lead down;Guide someone in a negative direction;C1
lead;Lead through;Guide someone through something;B2
lead;Take the lead;Assume control or leadership;B2
lead;Hold the lead;Maintain a leading position;B2
lead;Follow someone's lead;Do as someone else does;B2
lead;In the lead;Ahead in a competition;B2
leisure;Have the leisure to do;Have free time to do something;B2
leisure;At your leisure;When you have free time;B2
leisure;Leisure centre;A facility for recreational activities;B1
leisure;Leisure pursuits;Hobbies or recreational activities;B2
leisure;Leisure time;Free time;B1
length;Go to great lengths;Make a big effort;C1
length;Run the length (and breadth) of;Cover an entire area;C1
length;Of equal length;The same size;A2
length;In length;Measuring a certain distance;A2
length;For any length of time;For any duration;A2
length;At great length;In detail;B2
letter;Send/write someone a letter;Communicate via letter;A1
letter;To the letter;Exactly as instructed;C1
letter;The letter of the law;The exact wording of the law;C1
letter;Letter bomb;An explosive sent by mail;C1
letter;Letterbox;A mailbox;A2
life;Put someone's life at risk;Endanger someone;B2
life;Lose a life;Die;A2
life;Come to life;Become active or lively;B2
life;Take your own life;Commit suicide;C1
life;That's life;An expression of acceptance;B1
life;This is the life;An expression of enjoyment;B1
life;Quality of life;The standard of well-being;B2
lightning;Thunder and lightning;A storm with thunder and lightning;A2
lightning;A flash of lightning;A sudden burst of light;A2
like;Like someone to do;Want someone to do something;A1
like;Like it when;Enjoy a specific situation;A1
like;Like crazy/mad;Very intensely;C1
like;Like so;In this way;B2
like;Something like;Approximately;B1
link;Link to;Connect to;A2
link;Link something to/with;Associate something with;B2
link;Click on/follow a link;Access a hyperlink;B1
link;Find/prove/establish a link between;Discover a connection;B2
live;Live a life of crime;Engage in criminal activities;B2
live;Live to the age of;Survive until a certain age;A2
live;Can live with;Accept or tolerate;B2
live;Live and let live;Tolerate others' choices;C1
live;Live and learn;Gain experience;C1
live;Live beyond/within your means;Spend more/less than you earn;C1
live;Live in hope;Remain optimistic;C1
live;Live a lie;Hide the truth;C1
live;Live to tell the tale;Survive a dangerous situation;C1
load;Load something with information;Fill something with data;B2
load;Take a load off;Relax;C1
load;A load of;A lot of;B1
load;Loads of;A large amount;A2
load;A heavy load to bear/carry;A difficult responsibility;C1
lock;Lock something in;Secure something;B2
lock;Lock horns with;Argue or compete with someone;C1
lock;Under lock and key;Securely locked;B2
long;Take a long hard look at;Examine carefully;B2
long;At long last;Finally;B2
long;Long distance;Over a great distance;A2
long;As long as;Provided that;A2
long;Long for;Desire something;B2
lot;That's your lot;That's all you get;C1
lot;Have a lot on;Be very busy;B1
lot;Lots of;A large amount;A1
lot;A lot of;A large quantity;A1
lot;A lot on your mind;Worried or preoccupied;B2
lot;Someone's lot (in life);Someone's fate or situation;C1
love;Love to do;Enjoy doing something;A1
love;Love doing;Enjoy an activity;A1
love;Give/send your love to;Send affectionate greetings;A2
love;Fall in love;Begin to love someone;A2
love;Break someone's heart;Cause someone emotional pain;B2
love;True love;Genuine affection;B1
love;Love at first sight;Immediate romantic attraction;B2
luck;Push your luck;Take unnecessary risks;C1
luck;Try your luck;Attempt something with uncertain success;B2
luck;Trust to luck;Rely on chance;C1
luck;Bring you luck;Cause good fortune;B2
luck;A stroke of luck;A fortunate event;B2
luck;As luck would have it;By chance;C1
luck;In luck;Fortunate;B1
luck;With any luck;Hopefully;B2
mark;Mark something with/on;Label or indicate;B1
mark;Leave a mark on;Have a lasting impact;B2
mark;Burn/scratch mark;A visible sign of damage;B2
mark;The halfway mark;The midpoint;B2
mark;Be quick/slow off the mark;React quickly/slowly;C1
mark;Hit/miss the mark;Succeed/fail in achieving something;C1
marriage;By marriage;Through a marital relationship;B2
marriage;Marriage guidance;Counseling for couples;C1
marriage;Marriage vows;Promises made during a wedding;B2
material;Material goods;Physical possessions;B2
material;Material possessions;Tangible items owned;B2
matter;A matter of;A question of;B1
matter;In a matter of (days, etc.);Within a short period;B2
matter;No matter how/what;Regardless of;A2
matter;Make matters worse;Worsen a situation;B2
matter;As a matter of fact/course/urgency;Actually/naturally/urgently;B2
medicine;Take medicine;Consume medication;A2
medicine;Alternative/complementary medicine;Non-traditional treatments;B2
mind;Make up your mind;Decide;A2
mind;Cross/slip your mind;Think of something briefly;B2
mind;Have/bear in mind;Remember or consider;B1
mind;Have a one-track mind;Focus on one thing only;C1
mind;Take your mind off;Distract from worries;B2
mind;Bring to mind;Remind of;B2
mind;In two minds about;Undecided;C1
mind;On your mind;Thinking about;A2
mind;State of mind;Mental condition;B2
mind;Narrow-minded;Not open to new ideas;C1
mind;Broad-minded;Open to new ideas;C1
mind;Open-minded;Willing to consider new ideas;B2
mind;Absent-minded;Forgetful or distracted;C1
misapprehension;Under the misapprehension that;Mistakenly believing;C1
moment;Take/be a moment;Require a short time;A2
moment;Just/wait a moment;Wait briefly;A2
moment;Any moment (now);Very soon;B1
moment;At the moment;Currently;A2
moment;At this/that moment in time;At a specific time;B2
moment;In a moment;Very soon;A2
moment;The right moment (to/for);The perfect time;B2
moment;The moment of truth;The critical moment;C1
money;Make/earn/spend/cost/etc. money;Handle money in various ways;A1
money;Get your money's worth;Receive good value;B2
money;Put your money where your mouth is;Back up your words with action;C1
money;Pay good money for;Spend a significant amount;B2
money;Made of money;Very rich;C1
money;For my money;In my opinion;B2
mother;The mother of;The origin or extreme example;C1
mother;Mother country;One's native country;B2
mother;Mother-in-law;The mother of one's spouse;A2
mother;Motherland;One's native country;B2
mother;Mother Nature;Nature personified;B2
mother;Mother's Day;A day to honor mothers;A2
mother;Mother-to-be;A pregnant woman;B2
mother;Mother tongue;One's native language;A2
move;Move it;Hurry up;A2
move;Get a move on;Start moving quickly;B1
move;Follow someone's every move;Watch someone closely;B2
move;Make a move;Take action;B2
move;On the move;Moving or traveling;B2
national;In the national interest;Beneficial for the country;B2
national;National anthem;A country's official song;A2
national;National costume/dress;Traditional clothing of a country;B2
national;National debt;A country's total financial obligations;B2
national;National holiday;A public holiday;A2
native;Go native;Adopt local customs;C1
native;Native to;Originating from;B2
native;A native of;Someone from a specific place;A2
native;Native speaker;Someone who speaks a language from birth;A2
native;Non-native speaker;Someone who learned a language later;B2
native;Native land;One's homeland;B2
native;Native species;Plants or animals indigenous to an area;B2
natural;Completely/totally natural;Entirely genuine or unprocessed;B2
natural;Natural causes;Death from illness or age;B2
natural;Natural ability;Innate talent;B2
natural;Natural resources;Materials from nature;B2
natural;Natural selection;Evolutionary process;B2
nature;The nature of;The essence of;B2
nature;By nature;Inherently;B2
nature;In nature;In the wild;A2
nature;Mother Nature;Nature personified;B2
nature;Human nature;The natural behavior of people;B2
nature;Second nature;Something done effortlessly;C1
near;Near to (doing something);Close to achieving something;B2
near;The near future;Soon;B1
near;From near and far;From everywhere;B2
near;A near thing;A close call;C1
near;The nearest thing to;The closest example;C1
near;Your nearest and dearest;Your closest family and friends;C1
need;Need (someone) to do;Require someone to act;A2
need;Need do;Must do;B2
need;Need doing;Require action;B2
need;Meet a need;Fulfill a requirement;B2
person;Meet someone in person;See someone face-to-face;A2
perspective;Put into perspective;View something in a realistic way;C1
perspective;From another/a different/someone's/etc. perspective;From a different viewpoint;B2
perspective;From the perspective of;From the viewpoint of;B2
perspective;In perspective;Viewed realistically;B2
perspective;Out of perspective;Viewed unrealistically;C1
perspective;A sense of perspective;A realistic understanding;C1
place;Change/swap places with;Exchange positions with someone;B2
place;Take the place of;Replace someone or something;B2
place;Take someone's place;Substitute for someone;B2
place;Put something in(to) place;Establish or organize something;B2
place;In place of;Instead of;B1
place;Out of place;Not fitting in;B2
place;Place of work;Workplace;A2
place;No place for;Not suitable for;B2
play;Play against/for;Compete against or represent a team;A2
play;Play at;Pretend to do something;B1
play;Play by yourself;Play alone;A2
play;Play for time;Delay to gain an advantage;C1
play;Play the fool;Act silly;C1
play;Play something by ear;Decide spontaneously;C1
play;At play;Involved in a situation;C1
point;Point at/to/towards something;Indicate something with a gesture or words;A2
point;Get to the point;Reach the main idea;B1
point;Make a point of doing something;Ensure something is done;B2
point;Make your point;Clearly express your idea;B2
point;Miss the point;Fail to understand;B2
point;At some point;At an unspecified time;A2
point;Beside the point;Irrelevant;B2
point;Up to a point;Partially;B2
point;A sore point;A sensitive topic;C1
polite;Polite to;Courteous toward someone;A2
polite;Polite of;Courteous behavior;A2
polite;Just/only being polite;Acting courteously without sincerity;B2
polite;Polite conversation;Courteous and formal talk;B2
polite;Polite company;Respectable people;C1
polite;Polite society;Respectable social group;C1
poor;(Come a) poor second;Be less successful;C1
poor;Poor loser;Someone who reacts badly to losing;C1
poor;Poor girl/boy/etc.;Expressing sympathy;A2
poor;Poor relation;Something less successful or important;C1
poor;A poor man's something;A cheaper or inferior version;C1
power;Take/seize/hold/exercise/exert/wield/abuse power;Use power in various ways;B2
power;In power;Holding authority;B2
power;Beyond someone's power;Outside someone's control;C1
power;Power to do;Ability to act;B2
power;Power struggle;Conflict for control;B2
power;Power structure;Hierarchy of authority;C1
power;Power base;Source of support;C1
praise;Praise someone for doing;Compliment someone for an action;B1
praise;Win/earn/deserve praise;Receive compliments;B2
praise;Full of praise for;Highly complimentary;B2
praise;In praise of;Expressing admiration;B2
prefer;Prefer something to;Like one thing more than another;A2
prefer;Prefer (someone) to do;Want someone to act in a certain way;B1
prefer;Prefer doing;Like doing something more;A2
prefer;Would prefer (that);Express a stronger preference;B1
prefer;Would prefer it if;Express a conditional preference;B2
principle;Have principles;Hold strong beliefs;B2
principle;Stand by/stick to your principles;Maintain your beliefs;C1
principle;Principle of something;A fundamental truth;B2
principle;Principle that;A fundamental belief;B2
principle;In principle;In theory;B2
principle;A matter/an issue of principle;A question of moral values;C1
principle;Against someone's principles;Contrary to one's beliefs;C1
principle;Set of principles;A collection of beliefs;B2
print;Print on;Print directly onto something;B1
print;Print in;Print using a specific color or style;B1
print;In print;Published;B2
print;Out of print;No longer published;B2
prison;Go to prison;Be sent to jail;B1
prison;Send someone to prison;Cause someone to be jailed;B1
prison;In prison;Currently incarcerated;A2
prison;Prison term;Duration of imprisonment;B2
prison;Prison sentence;Legal punishment of imprisonment;B2
prison;Prison reform;Changes to the prison system;B2
prison;Prison officer;A prison guard;B2
prison;Open prison;A low-security prison;C1
process;The process of;The steps involved in something;B1
process;In the process of doing;Currently doing something;B1
process;Peace process;Efforts to achieve peace;B2
process;A process of elimination;Narrowing down options;B2
provoke;Provoke someone into doing;Cause someone to act;C1
provoke;Provoke a reaction/protest/response;Cause a reaction;C1
provoke;Provoke outrage;Cause anger;C1
purpose;Serve a purpose;Be useful;B2
purpose;The purpose of doing;The reason for doing something;A2
purpose;Someone's purpose in doing;Someone's reason for acting;B2
purpose;A sense of purpose;A feeling of meaning;B2
purpose;On purpose;Intentionally;B1
quality;High/good/top quality;Excellent standard;A2
quality;Poor/bad/low quality;Inferior standard;A2
quality;Personal qualities;Individual characteristics;B2
quality;Leadership qualities;Traits of a good leader;B2
quality;Quality control;Ensuring standards are met;B2
quality;Quality of life;Standard of well-being;B2
quality;Quality time;Meaningful time spent with someone;B2
question;Beg the question;Assume the conclusion;C1
question;Raise the question (of);Bring up an issue;C1
question;A/no question of;A matter of certainty or doubt;B2
question;In question;Being discussed or doubted;B2
question;Out of the question;Impossible;B2
question;Without question;Certainly;B1
question;Beyond question;Undoubtedly;C1
question;Some question over/as to/about;Uncertainty about;C1
question;Awkward question;A difficult or uncomfortable question;B2
rain;Rain hard/heavily;Rain intensely;A2
rain;Pour with rain;Rain heavily;B1
rain;Heavy/light rain;Intense or mild rain;A2
rain;Rainbow;A colorful arc in the sky;A2
rain;Rainwater;Water from rain;A2
rain;Caught in the rain;Surprised by rain;B1
raise;Raise your hand;Lift your hand to signal;A2
raise;Raise something with someone;Bring up a topic with someone;B2
raise;Raise a child/family;Bring up children;A2
raise;Raise doubts;Cause uncertainty;C1
raise;Raise someone's hopes/expectations;Make someone optimistic;B2
raise;Raise a smile;Make someone smile;C1
raise;Raise your voice;Speak louder;B1
raise;Raise an army;Gather troops;B2
react;React to;Respond to something;A2
react;React by doing;Respond with an action;B2
react;React accordingly/appropriately;Respond suitably;B2
react;React with;Respond using something;B2
react;React against;Oppose something;C1
reaction;Cause/produce/provoke/trigger a reaction (to);Lead to a response;B2
reaction;Reaction against;Opposition to something;B2
reaction;Adverse/gut/immediate reaction;Negative/instinctive/quick response;B2
reaction;Chain reaction;A series of related events;B2
read;Read sb's mind;Know someone's thoughts;C1
read;Read sb like a book;Understand someone easily;C1
read;Read between the lines;Understand hidden meaning;C1
read;Read sb's lips;Understand by watching someone's mouth;C1
read;Take sth as read;Assume something is true;C1
read;A good/depressing/etc read;A book or text that is enjoyable/sad/etc;B2
reality;Escape from reality;Avoid real-life problems;B2
reality;Face (up to) reality;Accept the truth;B2
reality;Become a reality;Happen or materialize;B2
reality;In reality;Actually;B2
reality;Virtual reality;A simulated environment;B2
reality;Reality TV;Television shows based on real-life situations;B2
record;Keep/maintain/compile a record (of);Document something;B2
record;Set/put the record straight;Correct misinformation;C1
record;On record;Officially documented;B2
record;On the record;Officially stated;C1
record;Off the record;Unofficially stated;C1
relative;It's (all) relative;Depends on perspective;C1
relative;Relative to;In comparison to;B2
relative;Close/near relative;A family member closely related;B2
relative;Distant relative;A family member not closely related;B2
relative;A relative of yours;Someone related to you;A2
relative;Relative clause/pronoun;A grammatical term;B2
respect;Respect sb for;Admire someone for a quality;A2
respect;Respect sb as;Admire someone in a specific role;B2
respect;Gain/lose sb's respect;Earn or lose admiration;B2
respect;Command/deserve/earn/win respect;Be worthy of admiration;B2
respect;Treat sb with respect;Be polite and considerate;A2
respect;With respect to;Regarding;B2
respect;In this/that respect;In this/that aspect;B2
response;Response to;Reaction to something;A2
response;In response to;As a reaction to;B1
response;Response from;Feedback from someone;B2
response;No response;Lack of reaction;B1
response;Response time;Time taken to react;B2
rest;Rest sth on/against;Place something on/against;B1
rest;Rest assured that;Be confident that;C1
rest;Take/have a rest (from);Take a break;A2
rest;Get some rest;Relax or sleep;A2
rest;Come to rest;Stop moving;B2
rest;At rest;Not moving;B2
rich;Rich in;Abundant in;B2
rich;Filthy/stinking rich;Extremely wealthy;C1
rich;Rich and famous;Wealthy and well-known;B2
rich;(The) rich and (the) poor;Wealthy and poor people;B2
right;Have a/the/no/every right to do;Be justified in doing something;B2
right;Give sb the right to do;Allow someone to do something;B2
right;Right and wrong;Morality;B1
right;Right in saying/thinking/believing;Correct in your opinion;B2
right;Right (of sb) to do;Someone's entitlement to act;B2
right;Equal rights;The same legal or social rights;B2
right;Human rights;Basic rights for all people;B2
right;Animal rights;Rights for animals;B2
risk;Risk sth on;Take a chance with something;B2
risk;Risk doing;Take a chance by doing something;B2
risk;Risk one's life;Endanger oneself;B2
risk;Take a risk;Do something with potential danger;B2
risk;Run the risk of doing;Be in danger of something;B2
risk;Put sth at risk;Endanger something;B2
risk;Pose a risk to;Be a danger to;B2
risk;The risk of;The chance of something bad happening;B1
risk;At the risk of doing;Despite the danger of;B2
rules;Break/bend/follow the rules;Disobey/partially obey/obey rules;B1
rules;Against the rules;Not allowed;A2
rules;As a rule;Generally;B2
rules;Rule of law;The principle of legal authority;C1
rules;Rule of thumb;A general guideline;C1
rules;Rules and regulations;Official guidelines;B2
run;Run a business/campaign/etc;Manage something;B2
run;Run riot;Behave wildly;C1
run;Run on petrol/electricity/etc;Operate using a specific energy source;B2
run;Run sb a bath;Fill a bathtub for someone;B2
run;Run through sth;Review or rehearse quickly;B2
run;Run the risk of doing;Be in danger of something;B2
run;Run into problems;Encounter difficulties;B2
rush;Rush to conclusions;Decide too quickly;C1
rush;Do sth in a rush;Do something quickly;B2
rush;In a rush (to do sth);Hurrying to do something;B1
rush;Mad rush;A chaotic hurry;C1
rush;Rush hour;Peak traffic time;B1
rush;The Christmas/etc rush;A busy period before a holiday;B2
say;Have your say;Express your opinion;C1
say;(Have) the final say;Have the ultimate decision;C1
say;Go without saying (that);Be obvious;B2
say;Say the word;Give permission or signal;C1
say;Can't say fairer than that;Be very reasonable;C1
say;Say your piece;Express your opinion;C1
say;A horrible/stupid/strange/etc thing to say;An inappropriate comment;B2
second;Give/take sb a second to do;Allow someone time to act;A2
second;In a second;Very soon;A2
second;Within seconds;Almost immediately;B2
second;Seconds later;A short time after;B2
second;A split second;A very brief moment;B2
sense;Sense that;Intuitively feel;B2
sense;See sense;Realize the truth;C1
sense;Make sense (of);Understand;A2
sense;Have the sense to;Be wise enough to;B2
sense;Come to your senses;Start thinking clearly;C1
sense;A sense of;A feeling of;B2
sense;In a/one sense;Partially true;B2
sense;Common sense;Practical judgment;B2
sentence;Sentence sb to;Give a legal punishment;B2
sentence;Pass sentence;Announce a legal punishment;C1
sentence;Serve a sentence (of five years, etc);Complete a prison term;B2
sentence;Prison sentence;A legal term of imprisonment;B2
sentence;Death sentence;A legal punishment of execution;B2
shape;Shape sth into;Form something into a specific shape;B2
shape;Take the shape of;Assume a specific form;B2
shape;Take shape;Develop or form;B2
shape;In/out of shape;Physically fit/unfit;B1
shape;All shapes and sizes;A variety of forms;B2
share;Share with/between/among;Divide among people;A2
share;Share and share alike;Equal division;C1
share;Share in/of;A portion of something;B2
share;Shareholder;An owner of company shares;B2
share;Share index;A measure of stock performance;B2
share;Share option;The right to buy company shares;B2
share;Share-out;Distribution of something;C1
sharp;Keep a sharp eye on;Watch closely;C1
sharp;Sharp rise/increase/drop/fall;A sudden change;B2
sharp;Sharp criticism;Harsh critique;B2
sharp;Have a sharp tongue;Speak harshly;C1
short;(Run) short of;Lack something;B1
short;(Have a) short temper/fuse;Get angry easily;C1
short;Draw/get the short straw;Be chosen for an unpleasant task;C1
short;Make short work of;Finish something quickly;C1
short;A short while/period/spell;A brief time;A2
short;At short notice;With little warning;B2
short;Short and sweet;Brief and pleasant;C1
short;Shortlist;A list of final candidates;B2
sick;Stick call in sick;Inform work of illness;B1
sick;Feel sick;Feel unwell;A2
sick;Make up sick;Pretend to be ill;C1
sick;Sick as a parrot;Very disappointed;C1
sick;Worried sick;Extremely worried;C1
sick;Sick and tired (of);Fed up with;B2
sick;Sick with fear/worry/etc;Overwhelmed by an emotion;C1
sick;Sick at heart;Deeply saddened;C1
sick;Sick bag;A bag for vomiting;B2
side;Side with sb;Support someone;B2
side;Take sides;Support one party in a dispute;B2
side;See both sides (of an argument);Understand both perspectives;B2
side;Look on the bright side;Be optimistic;B2
side;On the blue/minus side;On the negative side;B2
side;By sb's side;Next to someone;B2
side;On sb's side;Supporting someone;B2
side;On either side (of);On both sides;B2
size;That's about the size of it;That's the situation;C1
size;Cut sth to size;Adjust something to fit;B2
size;In size;Regarding dimensions;A2
size;Full size;The actual size;B2
size;Size of;The dimensions of;A2
size;Downsize;Reduce in size or number;B2
small;Feel/look small;Feel/look insignificant;C1
small;It's a small world;Expressing surprise at connections;B2
small;In a/some/no small way;To a significant extent;C1
small;With a small 'C';In a modest or humble way;C1
small;Small change;Coins or insignificant amount;B1
small;Small hours;Late at night;C1
small;Small screen;Television;B2
small;Small talk;Casual conversation;B2
smooth;Smooth the way for;Make something easier;C1
smooth;Smooth-talking;Persuasive in speech;C1
smooth;Smooth-selling;Easy to sell;C1
smooth;Smooth operator;Someone who handles situations skillfully;C1
social;Social conditions;The state of society;B2
social;Social contact;Interaction with others;B2
social;Social security;Government support for citizens;B2
social;Social services;Public welfare programs;B2
social;Social call;A visit for social reasons;C1
social;Social worker;A professional who helps people in need;B1
social;Social club;A group for social activities;B2
social;Social life;Activities involving others;B1
need;Have no need of;Not require something;B2
need;In need (of);Requiring something;B1
never;Never you never know;Expressing uncertainty;C1
never;Never again;Not ever in the future;B1
never;Never mind;Don't worry about it;A2
never;Never mind if/whether/etc.;Regardless of;B2
never;Never ever;Absolutely never;B1
never;Never-ending;Seemingly endless;B2
new;New to;Recently introduced to;A2
new;Brand new;Completely new;A2
new;Whole new;Completely different;B2
new;Good as new;In excellent condition;B2
new;New-look;A fresh appearance;B2
new;New age;Modern or alternative;B2
nice;Nice of someone (to do);Kind or thoughtful;A2
nice;Nice for someone (to do);Pleasant for someone;A2
nice;Nice to someone;Kind toward someone;A2
nice;Nice to meet/see someone;A polite greeting;A1
nice;Nice and warm/comfortable/clean;Very pleasant;B1
nice;Nice as pie;Very pleasant or polite;C1
nice;Nice one;Well done or good job;B1
notice;Bring something to someone's notice;Make someone aware of something;C1
notice;Come to someone's notice (that);Become aware of something;C1
notice;Escape someone's notice;Go unnoticed;C1
notice;Take notice (of);Pay attention to;B2
notice;At short/a moment's/a few hours' notice;With little warning;B2
notice;Until further notice;Until new information is given;B2
now;Now is the time to;The right moment to act;B2
now;From now on;Starting from this moment;A2
now;For now;Temporarily;A2
now;Up to now;Until this point;B1
now;Right now;At this moment;A1
now;Now that;Since or because;B1
now;Any day/moment/etc. now;Very soon;B1
now;Just now;A short time ago;A2
now;Every now and then/again;Occasionally;B1
now;Nowadays;In the present time;A2
odds;The odds of doing;The likelihood of something;B2
odds;The odds are (that);It is likely that;B2
odds;The odds are in favour of/against;More likely to succeed/fail;C1
odds;Long odds;Low probability;C1
odds;Against all the odds;Despite difficulties;C1
off;Have/take/be given the day off;Have a day free from work;A2
off;Have/take/be given time off;Have free time from work;B1
off;Off work/college;Not at work or college;A2
off;Off sick;Absent due to illness;B1
office;Take office;Assume a position of authority;B2
office;Run for office;Campaign for a political position;B2
office;Public office;A government position;B2
office;Head office;The main office of a company;B2
office;Office holder;Someone in a position of authority;C1
office;Office block;A building with offices;B2
office;Office hours;The time when an office is open;A2
office;Office party;A social event for employees;B2
old;Get/grow old;Become older;A2
old;Poor old;Expressing sympathy;B1
old;Old age;The later years of life;A2
old;Old flame;A former romantic partner;C1
old;Old folk(s);Elderly people;B2
old;Old hand;Someone experienced;C1
old;Old hat;Outdated or unoriginal;C1
old;Old people's home;A residence for the elderly;B2
old;The Old Testament;The first part of the Christian Bible;B2
on;On time;Punctual;A2
on;On and on;Continuously;B1
on;On end;Continuously;B2
on;From now/that moment/then on;Starting from a specific time;B2
on;You're on!;Accepting a challenge;B2
opt;Opt for;Choose;B2
opt;Opt to do;Decide to do;B2
option;Have no option (but to do);Have no choice;B2
option;Consider your options;Think about choices;B2
option;The option of doing;The choice to do something;B2
option;The option to do;The choice to act;B2
option;Keep/leave your options open;Avoid committing to one choice;C1
paper;Paper piece/sheet of paper;A single sheet;A2
paper;(Present/write/etc) a paper on;Present or write about a topic;B2
paper;(Put something) on paper;Write something down;B2
paper;Paper over (the cracks);Hide problems;C1
paper;Not worth the paper it's written/printed on;Worthless;C1
paper;Paper round;A job delivering newspapers;B2
paper;Paper qualifications;Academic credentials;B2
paper;Paperwork;Administrative tasks;B2
pay;Pay dearly for;Suffer consequences;C1
pay;Pay someone a compliment;Compliment someone;B2
pay;Pay your way;Cover your own expenses;B2
pay;Pay your (last) respects to;Show respect to someone who has died;C1
pay;Pay the penalty/price for;Suffer the consequences;C1
pay;It pays to;It is beneficial to;C1
pay;Pay rise;An increase in salary;B2
pay;Pay and display;A parking payment system;B2
pay;Pay freeze;A halt on salary increases;B2
pay;Take-home pay;Net salary after deductions;B2
peer;Peer group;A group of similar people;B2
peer;Peer pressure;Influence from peers;B2
pen;Put pen to paper;Start writing;C1
pen;The pen is mightier than the sword;Writing is more powerful than violence;C1
pen;Pen-pusher;A bureaucrat;C1
pen;Pen friend/pal;A friend communicated with by letter;B2
person;Do something in person;Do something yourself;A2
threat;Idle threat;A threat with no intention of being carried out;C1
threat;Bomb threat;A warning that a bomb has been planted;B2
threat;Death threat;A threat to kill someone;B2
time;Pass the time;Do something to occupy oneself while waiting;B1
time;Spend time;Use time for a specific activity;A2
time;Make time;Create time for something despite being busy;B2
time;Find the time;Manage to have time for something;B2
time;Take time;Require a significant amount of time;A2
time;Fly on time;Depart or arrive as scheduled (flight);A2
time;By the time;When a particular moment arrives;A2
time;Time after time;Repeatedly;
time;Part-time;Working or studying for fewer hours than full-time;A2
time;Full-time;Working or studying for the entire standard period;A2
time;Time frame;A specified period for something to happen;B2
time;Time limit;A restriction on how long something can last;B2
tool;A tool for (doing);An instrument or method used to achieve something;B2
tool;A tool of;Something used as a means to an end (often negative);B2
tool;Toolbar;A set of icons/buttons on a computer screen;B2
tool;Tool kit;A set of tools for a specific purpose;B2
tool;Tool box;A container for holding tools;A2
top;Come out on top;To succeed after a struggle;C1
top;Something gets on top of you;To feel overwhelmed by something;C1
top;At the top of;In the highest position or rank;B2
top;On top (of);In control;
top;Off the top of your head;From memory without careful thought;C1
top;On top of the world;Feeling extremely happy or successful;C1
top;Top prize;The highest award or reward;B2
top;Top priority;The most important task or issue;B2
top;Top secret;Highly classified information;B2
tough;Get tough with;To treat someone strictly;B2
tough;Tough on;Strict about something;B2
tough;Tough luck;Bad luck (often unsympathetic);B2
tough;Tough love;Strictness intended to help someone improve;C1
tough;Tough guy;A person who acts strong or aggressive;B2
town;Town planning;Designing and organizing urban areas;B2
town;The town of...;A specific town named;A2
town;The outskirts/edge of town;The area where a town meets the countryside;B2
town;Town centre;The main commercial area of a town;A2
track;Keep track of;Monitor or stay informed about something;B2
track;Lose track of time/etc.;Forget how much time has passed or details;B2
track;On the wrong track;Following a mistaken approach;B2
track;On track (to do);Progressing as planned;B2
treat;Treat cruelty/etc.;Act in a cruel/unjust way toward someone;B2
treat;Treat someone with...;Behave toward someone using a specific attitude (e.g., respect);A2
treat;Treat someone for...;Provide medical care for a condition;B2
treat;Treat someone like...;Behave as if someone is a specific thing (often negative);B2
treat;Treat someone to...;Pay for something enjoyable for someone;B2
treat;Treat an illness/etc.;Provide medical care for an illness;B2
treat;In for a treat;About to experience something pleasant;C1
turn;Turn to do something;Rotate or change position to do something;A2
turn;Turn a gun/etc. on someone;Point a weapon at someone;C1
turn;Turn to someone;Ask someone for help or support;B2
turn;Turn cold/nasty/etc.;Suddenly become unfriendly/aggressive;B2
turn;Turn 40/etc.;Reach a specific age;A2
understanding;Come to / reach an understanding;Reach an agreement;B2
understanding;Have an understanding (with someone);Have a mutual agreement;B2
understanding;An understanding of...;Knowledge or comprehension of a subject;B2
understanding;On the understanding (that...);With the condition that…;C1
use;Use something for (doing);Utilize something for a purpose;A2
use;Use something to do...;Utilize something to achieve an action;A2
use;Use something as...;Utilize something in a different role;B2
use;Use something properly;Utilize something correctly;B2
use;Have many uses;Be versatile or multifunctional;B2
use;In use;Currently being utilized;B2
use;Of (no) use;(Not) useful;A2
use;It's / there's no use doing...;Doing something is pointless;B1
use;What's the use of doing...?;Questioning the purpose of an action;B2
view;View something as...;Consider something in a specific way;B2
view;Take the view that...;Hold an opinion;C1
view;Take a dim/poor view of...;Disapprove of something;C1
view;Come into view;Become visible;B2
view;In view of...;Considering something;B2
view;With a view to...;With the intention of;C1
view;View on/about/issue;Opinion about a topic;B2
view;In someone's view;According to someone's opinion;B2
view;Viewpoint / Point of view;Perspective or opinion;B2
want;Want (someone) to do...;Desire someone to act;A1
want;Want something done;Desire a task to be completed;B2
want;For want of...;Because of a lack of something;C1
way;Get in someone's way;Block or obstruct someone;B2
way;Know the way;Be familiar with a route;A2
way;Lose your way;Become lost;A2
way;Get something out of the way;Complete or remove an obstacle;B2
way;Make way for...;Create space or allow something to pass;B2
way;In the way;Blocking or obstructing;B1
way;On the way;In the process of arriving or happening;A2
way;In this way;In this manner;A2
way;A way of doing...;A method for accomplishing something;A2
way;By the way;Used to introduce a side comment;A2
weak;Weak at the knees;Feeling emotionally or physically unsteady;C1
weak;Weak on...;Lacking strength or knowledge in an area;B2
weak;On weak ground;Having an unstable or unsupported position;C1
weak;Weak argument;An argument lacking evidence or logic;B2
weak;Weak point/spot;A vulnerability or flaw;B2
weak;Weak-willed;Lacking determination;C1
weather;Good/bad/etc. weather;Describing weather conditions;A2
weather;Freak weather;Unusual or unexpected weather;C1
weather;In all weathers;In every type of weather condition;B2
weather;Under the weather;Feeling unwell;B2
weather;Weather forecast;Prediction of future weather;A2
weather;Weatherproof;Resistant to weather damage;B2
web;Surf the Web;Browse the internet;A2
web;On the Web;Available on the internet;A2
web;Website;A location on the internet with content;A2
web;Web page;A single page on a website;A2
web;Webcam;A camera for transmitting live video over the internet;B2
web;World Wide Web;The system of interconnected internet content;A2
web;Webmaster;A person responsible for a website;B2
web;Weblog (blog);An online journal or informational website;B2
wedding;Wedding anniversary;Yearly celebration of a marriage;A2
wedding;Wedding cake;A cake served at weddings;A2
wedding;Wedding ceremony;The formal event of getting married;A2
wedding;Wedding dress;The dress worn by a bride;A2
wedding;Wedding invitation;A card inviting guests to a wedding;A2
wedding;Wedding ring;A ring symbolizing marriage;A2
wedding;Wedding present;A gift given to celebrate a wedding;A2
wheel;Take the wheel;Assume control (e.g., driving);B2
wheel;At/behind the wheel;Driving a vehicle;B2
wheel;On wheels;Equipped with wheels;
wheel;Wheel of fortune;A concept of chance or fate;
wind;Light/strong wind;Wind intensity;A2
wind;Gust of wind;A sudden strong wind;B2
wind;In the wind;About to happen;
wind;Winds of change;Forces that bring transformation;C1
window;Window-shopping;Browsing goods without buying;B2
window;Window dressing;Superficial improvements to impress others;C1
window;Cut (of) the window;Design/style of a window (architectural);B2
window;A window on/onto...;A perspective into a subject/place;C1
word;Put in a (good) word for someone;Recommend or speak favorably about someone;C1
word;(Have) a word with someone (about...);Talk briefly to someone about something;B1
word;Spread the word;Share information widely;B2
word;Put words in someone's mouth;Falsely claim someone said something;C1
word;Give/say the word;Give a signal or permission;B2
word;From the word go;From the very beginning;C1
word;Word of mouth;Information spread verbally;B2
word;In other words;To rephrase something;B2
work;Work on/in/with/as/at/for...;Engage in labor related to...;A1
work;Work like magic;Function very effectively;C1
work;Work both ways;Have mutual effects;C1
work;Work a treat;Be very successful;C1
work;Work wonders;Produce excellent results;C1
work;Work your way through/around...;Progress gradually through challenges;B2
work;At work;Engaged in working;A2
work;Out of / in work;Unemployed / employed;B2
work;Piece of work;A task or person (often complex/difficult);B2
worse;Get worse;Become more severe or bad;A2
worse;Make matters/things worse;Exacerbate a problem;B2
worse;(Take a turn) for the worse;Suddenly become worse;B2
worse;Worse for wear;In poor condition due to use/age;C1
worst;Do your worst;Challenge someone to do their most harmful action;C1
worst;Fear the worst;Expect the most negative outcome;B2
worst;Be your own worst enemy;Act in ways that harm oneself;C1
worst;If (the) worst comes to (the) worst;If the most negative scenario happens;C1
worst;At worst;In the most negative case;B2
worst;The worst of all/both worlds;Combining the negatives of multiple scenarios;C1
write;Write for a magazine/etc.;Contribute articles to a publication;B2
write;Have something / be written all over your face;Clearly show an emotion or trait;C1
write;Nothing to write home about;Not remarkable or special;C1
write;Writer's block;Inability to produce new written work;C1
years;Years of age;Age in years;A2
years;Years old;Age (same as above);A1
years;Year on year;Comparing data to the same period in previous years;B2
years;For years;For a long time;A2
years;Not/never in a million years;Absolutely never;B2
years;Leap year;A year with 366 days (February 29);A2
speak;Speak well/highly/badly/ill of;Say positive/negative things about someone;B2
speak;Speak for yourself;Express your own opinion, not others';B2
speak;Speak your mind;Express your opinions openly;B2
speak;Speak out of turn;Say something inappropriate or at the wrong time;C1
speak;No sth to speak of;Nothing significant or worth mentioning;C1
speak;So to speak;Used to indicate a figurative expression;B2
speak;Broadly/generally speaking;In a general sense;B2
speak;On speaking terms;Willing to talk to someone (often after a disagreement);C1
speak;Speaking of;Introducing a related topic;B2
speak;Speaking as;Expressing an opinion from a specific perspective;B2
start;Have/make a good/the/bad/dre start;Begin something well/poorly;B2
start;Get off to a good/flying/head/bad/dre start;Begin something successfully/unsuccessfully;B2
start;Make a start (on sth);Begin working on something;B1
start;(Right) from the start;From the very beginning;B1
start;For a start;As the first reason or point;B2
start;(At/from the) start of;At the beginning of something;A2
start;Get (sth) started;Begin something or cause something to begin;B1
steady;Steady yourself;Prepare yourself mentally or physically;C1
steady;Steady your nerves;Calm yourself;C1
steady;Hold sth steady;Keep something stable;B2
steady;Steady relationship;A stable and committed relationship;B2
steady;Steady growth;Consistent and gradual increase;B2
steady;Steady look;A calm and focused gaze;C1
steady;Steady pace;A consistent and moderate speed;B2
straight;Set/put sb straight about;Correct someone's misunderstanding;C1
straight;Set/put the record straight;Clarify the truth;C1
straight;Get/come straight to the point;Speak directly without unnecessary details;B2
straight;Get sth straight;Understand something clearly;B2
straight;Think/see straight;Think clearly;C1
straight;Straight talking;Honest and direct communication;C1
straight;Straight answer;A direct and honest response;B2
style;Style sth/yourself as;Present something/yourself in a particular way;C1
style;Style of;The way something is done or presented;A2
style;In style;Fashionably or luxuriously;B2
style;Out of style;No longer fashionable;B2
style;With style;In an impressive or elegant manner;B2
subject;Subject sb to;Cause someone to experience something unpleasant;C1
subject;Bring up / get onto a subject;Start discussing a topic;B2
subject;Bringing together the subject;Combining ideas or elements of a topic;C1
subject;Subject to;Dependent on or affected by something;B2
subject;The subject of;The topic or focus of something;A2
subject;British subject;A person under British sovereignty;B2
sum;Sum yourself;Summarize your thoughts or situation;C1
sun;In the sun;Exposed to sunlight;A2
sun;Sunshine;Direct sunlight or happiness;A2
sun;Sunlight;Natural light from the sun;A2
sun;Sunrise;The time when the sun appears in the morning;A2
sun;Sunset;The time when the sun disappears in the evening;A2
support;Support doing sth;Endorse or approve of an action;B2
support;Support sb (financially);Provide financial help to someone;B2
support;Support pro ideas;Agree with or advocate for certain ideas;B2
support;Support of a team;Assistance or backing from a group;B2
support;Offer support;Provide help or assistance;A2
support;In support of;Backing or advocating for something;B2
surface;On the surface;Superficially or apparently;B2
surface;Perfectly/under the surface;Beneath the apparent exterior;C1
surface;Surface area;The total area of a surface;B2
surface;Kitchen surface;Countertop or workspace in a kitchen;A2
table;Set/lay/clear the table;Prepare/clean the table for a meal;A2
table;Table a proposal, etc;Postpone discussion of something;C1
table;On the table;Available for discussion or consideration;B2
table;Table manners;Etiquette for eating at a table;B2
table;Timetable;A schedule or plan;A2
talk;Talk sb into / out of (doing);Persuade someone to do/not do something;B2
talk;Talk your way into / out of;Use persuasion to achieve/avoid something;C1
talk;A talk (with);A conversation or discussion;A2
talk;Be all/just talk;Talk without taking action;C1
talk;The talk of;A topic of widespread discussion;B2
talk;Talk is cheap;It's easier to say something than to do it;B2
taste;Develop/have a taste for;Acquire a liking for something;B2
taste;In good/bad taste;Appropriate/inappropriate behavior or style;B2
taste;Sense of taste;The ability to perceive flavors;A2
taste;Acquired taste;Something that takes time to like;C1
tell;Tell the truth / a lie;Be honest or dishonest;A2
tell;Tell yourself that;Convince yourself of something;B2
tell;Tell the difference (between);Distinguish between things;B2
tell;Tell the time;Read the time from a clock;A2
tell;Tell it like it is;Speak honestly and directly;C1
tell;There's no telling;It's impossible to know;C1
tell;You're telling me;I completely agree;B2
tell;That would be telling;Refusing to reveal information;C1
term;In the long/short term;Over a long/short period;B2
term;End of term;The conclusion of a school or political period;A2
term;Term of office;The duration of a political position;B2
term;Term time;The period when school is in session;B2
term;Prison/jail term;A period of imprisonment;B2
term;Fixed term;A set period of time;B2
term;Long/short-term;Over an extended/brief period;B2
thin;Have a thin skin;Be easily offended;C1
thin;Skating on thin ice;In a risky or precarious situation;C1
thin;Out of / from / into thin air;Appearing or disappearing suddenly;C1
thin;Thin on the ground;Scarce or few in number;C1
thin;Thin on top;Losing hair on the scalp;C1
threat;Pose a threat (to);Be a danger to someone or something;B2
threat;Face a threat;Deal with a danger;B2
threat;Under threat;At risk of harm or danger;B2
threat;Threat of;The possibility of harm or danger;B2
